file,sigma,duration_min,sampling_hz,smoothing_window_sec,actual_blockage_min,blockage_confirmed,fft_threshold,static_threshold,composite_first_crossing_min,static_first_crossing_min,composite_lead_min,static_lead_min,composite_max,static_max,composite_crossings_count,static_crossings_count,forecast_best_fit,forecast_best_r2,forecast_consensus_eta_min,forecast_eta_lead_min,forecast_linear_r2,forecast_linear_eta_min,forecast_exp_r2,forecast_exp_eta_min,forecast_power_r2,forecast_power_eta_min,flow_best_fit,flow_r2,flow_eta_min,flow_eta_lead_min,error
04-04-LF.xlsx,3,307.617,1.0,60.0,,no_block,0.00108,0.007238,19.317,19.75,,,0.007504,0.035268,116,4694,power_law,0.0346,,,0.0067,,0.0029,,0.0346,,linear,0.349,12030.621,,
04-04-LF.xlsx,4,307.617,1.0,60.0,,no_block,0.001081,0.00965,19.317,22.683,,,0.007506,0.035268,115,4271,power_law,0.0343,,,0.0067,,0.0029,,0.0343,,linear,0.349,12030.621,,
04-04-LF.xlsx,5,307.617,1.0,60.0,,no_block,0.001081,0.012063,19.317,24.033,,,0.007506,0.035268,115,4065,power_law,0.0343,,,0.0067,,0.0029,,0.0343,,linear,0.349,12030.621,,
0709.csv,3,29.9,1.0,60.0,29.9,yes,0.008453,0.002282,29.05,8.517,0.85,21.383,0.947023,0.023071,127,1284,exponential,-1.1641,34.016,-4.116,-2.3138,28.655,-1.1641,34.016,-3.6268,48.201,exponential,0.0059,681.592,-651.692,
0709.csv,4,29.9,1.0,60.0,29.9,yes,0.008463,0.003042,29.05,9.133,0.85,20.767,0.947022,0.023071,128,1107,exponential,-1.1628,34.006,-4.106,-2.314,28.66,-1.1628,34.006,-3.6329,48.148,exponential,0.0059,681.592,-651.692,
0709.csv,5,29.9,1.0,60.0,29.9,yes,0.008463,0.003803,29.05,12.767,0.85,17.133,0.947022,0.023071,128,996,exponential,-1.1628,34.006,-4.106,-2.314,28.66,-1.1628,34.006,-3.6329,48.148,exponential,0.0059,681.592,-651.692,
11-12.xlsx,3,266.379,1.11,60.0,57.0,yes,0.000592,0.003928,13.469,55.171,43.531,1.829,0.264754,0.348575,989,3236,exponential,-1.9532,250.83,-193.83,-2.3108,168.002,-1.9532,250.83,-2.5895,309.077,linear,0.6398,704.539,-647.539,
11-12.xlsx,4,266.379,1.11,60.0,57.0,yes,0.000593,0.005237,13.469,55.234,43.531,1.766,0.264754,0.348575,986,3232,exponential,-1.953,250.925,-193.925,-2.3108,168.009,-1.953,250.925,-2.5893,309.422,linear,0.6398,704.539,-647.539,
11-12.xlsx,5,266.379,1.11,60.0,57.0,yes,0.000593,0.006546,13.469,55.234,43.531,1.766,0.264754,0.348575,986,3230,exponential,-1.953,250.925,-193.925,-2.3108,168.009,-1.953,250.925,-2.5893,309.422,linear,0.6398,704.539,-647.539,
18-11-LF.xlsx,3,37.55,1.0,60.0,,unknown,1.207723,0.223204,,4.983,,,0.854057,0.813947,0,1142,,,,,,,,,,,,,,,
18-11-LF.xlsx,4,37.55,1.0,60.0,,unknown,1.21047,0.297605,,4.983,,,0.854057,0.813947,0,1136,,,,,,,,,,,,,,,
18-11-LF.xlsx,5,37.55,1.0,60.0,,unknown,1.21047,0.372006,,5.517,,,0.854057,0.813947,0,1098,,,,,,,,,,,,,,,
2108-2.csv,3,44.156,0.4,60.0,44.0,yes,0.001462,0.006449,4.541,4.541,39.459,39.459,0.196263,0.591802,132,932,linear,-2.3679,40.198,3.802,-2.3679,31.937,-3.0426,40.198,-7.5821,41.869,linear,0.4202,89.539,-45.539,
2108-2.csv,4,44.156,0.4,60.0,44.0,yes,0.001464,0.008599,4.541,4.541,39.459,39.459,0.196263,0.591802,131,929,linear,-2.3679,40.203,3.797,-2.3679,31.94,-3.0426,40.203,-7.5821,41.879,linear,0.4202,89.539,-45.539,
2108-2.csv,5,44.156,0.4,60.0,44.0,yes,0.001464,0.010749,4.541,4.775,39.459,39.225,0.196263,0.591802,131,918,linear,-2.3679,40.203,3.797,-2.3679,31.94,-3.0426,40.203,-7.5821,41.879,linear,0.4202,89.539,-45.539,
25-03-LF.xlsx,3,242.783,1.0,60.0,151.0,yes,0.001361,0.001618,4.983,7.317,146.017,143.683,0.092062,0.035085,729,2456,exponential,-0.0112,4266.487,-4115.487,-0.0231,,-0.0112,4266.487,-0.0235,,exponential,0.6942,1133.919,-982.919,
25-03-LF.xlsx,4,242.783,1.0,60.0,151.0,yes,0.001362,0.002158,4.983,7.75,146.017,143.25,0.092062,0.035085,727,2201,exponential,-0.0113,4290.051,-4139.051,-0.0231,,-0.0113,4290.051,-0.0235,,exponential,0.6942,1133.919,-982.919,
25-03-LF.xlsx,5,242.783,1.0,60.0,151.0,yes,0.001362,0.002697,4.983,9.0,146.017,142.0,0.092062,0.035085,727,2030,exponential,-0.0113,4290.051,-4139.051,-0.0231,,-0.0113,4290.051,-0.0235,,exponential,0.6942,1133.919,-982.919,
27-01-23-LF.xlsx,3,54.733,1.0,60.0,54.733,yes,0.059295,0.241668,16.25,19.067,38.483,35.666,1.210003,0.586373,166,2149,exponential,-0.7208,82.798,-28.065,-1.7953,60.965,-0.7208,82.798,-1.5602,305.765,linear,0.0042,2865.931,-2811.198,
27-01-23-LF.xlsx,4,54.733,1.0,60.0,54.733,yes,0.05934,0.322224,16.25,24.517,38.483,30.216,1.210003,0.586373,166,1791,exponential,-0.7208,82.806,-28.073,-1.7953,60.979,-0.7208,82.806,-1.5602,305.921,linear,0.0042,2865.931,-2811.198,
27-01-23-LF.xlsx,5,54.733,1.0,60.0,54.733,yes,0.05934,0.40278,16.25,24.9,38.483,29.833,1.210003,0.586373,166,1757,exponential,-0.7208,82.806,-28.073,-1.7953,60.979,-0.7208,82.806,-1.5602,305.921,linear,0.0042,2865.931,-2811.198,
29-06-LF.xlsx,3,132.317,1.0,60.0,,unknown,0.01139,0.001455,36.183,35.783,,,1.349218,0.018724,3393,3646,linear,-0.2618,,,-0.2618,,-0.9338,,-0.8074,,linear,0.0001,,,
29-06-LF.xlsx,4,132.317,1.0,60.0,,unknown,0.011409,0.001941,36.183,35.883,,,1.349205,0.018724,3392,3631,linear,-0.2618,,,-0.2618,,-0.9342,,-0.808,,linear,0.0001,,,
29-06-LF.xlsx,5,132.317,1.0,60.0,,unknown,0.011409,0.002426,36.183,35.967,,,1.349205,0.018724,3392,3624,linear,-0.2618,,,-0.2618,,-0.9342,,-0.808,,linear,0.0001,,,
Experiment1,3,261.051,100.0,60.0,66.0,yes,0.027613,0.011506,5.004,,60.996,,0.055648,0.002437,4915,0,power_law,-0.1251,,,-0.4875,,-0.4261,,-0.1251,,linear,0.2527,18818.024,-18752.024,
Experiment1,4,261.051,100.0,60.0,66.0,yes,0.027613,0.015342,5.004,,60.996,,0.055648,0.002437,4915,0,power_law,-0.1251,,,-0.4875,,-0.4261,,-0.1251,,linear,0.2527,18818.024,-18752.024,
Experiment1,5,261.051,100.0,60.0,66.0,yes,0.027613,0.019177,5.004,,60.996,,0.055648,0.002437,4915,0,power_law,-0.1251,,,-0.4875,,-0.4261,,-0.1251,,linear,0.2527,18818.024,-18752.024,
Experiment2 copy,3,194.543,20.0,60.0,194.0,yes,0.018411,0.005336,25.966,179.059,168.034,14.941,0.958594,0.0102,2577,400,linear,-2.445,130.096,63.904,-2.445,130.096,-2.4571,144.422,-7.6535,127.396,linear,0.4308,602.696,-408.696,
Experiment2 copy,4,194.543,20.0,60.0,194.0,yes,0.018426,0.007115,25.966,180.182,168.034,13.818,0.958594,0.0102,2570,371,linear,-2.445,130.103,63.897,-2.445,130.103,-2.4571,144.447,-7.6535,127.432,linear,0.4308,602.696,-408.696,
Experiment2 copy,5,194.543,20.0,60.0,194.0,yes,0.018426,0.008894,25.966,180.685,168.034,13.315,0.958594,0.0102,2570,227,linear,-2.445,130.103,63.897,-2.445,130.103,-2.4571,144.447,-7.6535,127.432,linear,0.4308,602.696,-408.696,
